[{"model": "admin.logentry", "pk": 1, "fields": {"action_time": "2021-09-09T23:34:49.549Z", "user": 1, "content_type": 7, "object_id": "1", "object_repr": "plantiq.example.com", "action_flag": 2, "change_message": "[{\"changed\": {\"fields\": [\"Domain name\", \"Display name\"]}}]"}}, {"model": "admin.logentry", "pk": 2, "fields": {"action_time": "2021-09-10T08:55:50.665Z", "user": 1, "content_type": 8, "object_id": "1", "object_repr": "nordsvenskar@live.se", "action_flag": 2, "change_message": "[{\"changed\": {\"fields\": [\"Verified\", \"Primary\"]}}]"}}, {"model": "admin.logentry", "pk": 3, "fields": {"action_time": "2021-09-13T11:48:00.846Z", "user": 1, "content_type": 13, "object_id": "1", "object_repr": "indoor_plants", "action_flag": 1, "change_message": "[{\"added\": {}}]"}}, {"model": "admin.logentry", "pk": 4, "fields": {"action_time": "2021-09-13T11:48:15.803Z", "user": 1, "content_type": 13, "object_id": "2", "object_repr": "pottery", "action_flag": 1, "change_message": "[{\"added\": {}}]"}}, {"model": "admin.logentry", "pk": 5, "fields": {"action_time": "2021-09-13T11:49:42.032Z", "user": 1, "content_type": 13, "object_id": "3", "object_repr": "outdoor_plants", "action_flag": 1, "change_message": "[{\"added\": {}}]"}}, {"model": "admin.logentry", "pk": 6, "fields": {"action_time": "2021-09-13T11:50:21.363Z", "user": 1, "content_type": 13, "object_id": "1", "object_repr": "houseplant", "action_flag": 2, "change_message": "[{\"changed\": {\"fields\": [\"Name\", \"Friendly name\"]}}]"}}, {"model": "admin.logentry", "pk": 7, "fields": {"action_time": "2021-09-13T11:56:20.943Z", "user": 1, "content_type": 14, "object_id": "1", "object_repr": "Calathea", "action_flag": 1, "change_message": "[{\"added\": {}}]"}}, {"model": "admin.logentry", "pk": 8, "fields": {"action_time": "2021-09-13T13:31:39.696Z", "user": 1, "content_type": 14, "object_id": "1", "object_repr": "Calathea", "action_flag": 3, "change_message": ""}}, {"model": "admin.logentry", "pk": 9, "fields": {"action_time": "2021-09-13T13:37:32.154Z", "user": 1, "content_type": 14, "object_id": "1", "object_repr": "calathea", "action_flag": 1, "change_message": "[{\"added\": {}}]"}}, {"model": "admin.logentry", "pk": 10, "fields": {"action_time": "2021-09-13T13:39:07.258Z", "user": 1, "content_type": 14, "object_id": "2", "object_repr": "white_flowerpot", "action_flag": 1, "change_message": "[{\"added\": {}}]"}}, {"model": "admin.logentry", "pk": 11, "fields": {"action_time": "2021-09-13T14:51:52.244Z", "user": 1, "content_type": 15, "object_id": "1", "object_repr": "detailed_image", "action_flag": 1, "change_message": "[{\"added\": {}}]"}}, {"model": "admin.logentry", "pk": 12, "fields": {"action_time": "2021-09-13T15:03:35.375Z", "user": 1, "content_type": 14, "object_id": "1", "object_repr": "calathea", "action_flag": 2, "change_message": "[{\"changed\": {\"fields\": [\"Product image\"]}}]"}}, {"model": "admin.logentry", "pk": 13, "fields": {"action_time": "2021-09-13T15:04:40.927Z", "user": 1, "content_type": 14, "object_id": "3", "object_repr": "flower", "action_flag": 1, "change_message": "[{\"added\": {}}]"}}, {"model": "admin.logentry", "pk": 14, "fields": {"action_time": "2021-09-13T15:05:09.928Z", "user": 1, "content_type": 15, "object_id": "2", "object_repr": "flowerimage", "action_flag": 1, "change_message": "[{\"added\": {}}]"}}, {"model": "admin.logentry", "pk": 15, "fields": {"action_time": "2021-09-13T15:05:41.559Z", "user": 1, "content_type": 14, "object_id": "4", "object_repr": "flower", "action_flag": 1, "change_message": "[{\"added\": {}}]"}}, {"model": "admin.logentry", "pk": 16, "fields": {"action_time": "2021-09-13T15:06:32.620Z", "user": 1, "content_type": 14, "object_id": "4", "object_repr": "flower", "action_flag": 3, "change_message": ""}}, {"model": "admin.logentry", "pk": 17, "fields": {"action_time": "2021-09-17T10:59:36.377Z", "user": 1, "content_type": 15, "object_id": "3", "object_repr": "test", "action_flag": 1, "change_message": "[{\"added\": {}}]"}}, {"model": "admin.logentry", "pk": 18, "fields": {"action_time": "2021-09-17T10:59:55.143Z", "user": 1, "content_type": 15, "object_id": "4", "object_repr": "cool", "action_flag": 1, "change_message": "[{\"added\": {}}]"}}, {"model": "admin.logentry", "pk": 19, "fields": {"action_time": "2021-09-18T12:15:57.228Z", "user": 1, "content_type": 14, "object_id": "5", "object_repr": "snakeplant", "action_flag": 1, "change_message": "[{\"added\": {}}]"}}, {"model": "admin.logentry", "pk": 20, "fields": {"action_time": "2021-09-18T12:16:19.555Z", "user": 1, "content_type": 14, "object_id": "5", "object_repr": "snakeplant", "action_flag": 2, "change_message": "[{\"changed\": {\"fields\": [\"Description\"]}}]"}}, {"model": "admin.logentry", "pk": 21, "fields": {"action_time": "2021-09-18T12:16:36.820Z", "user": 1, "content_type": 15, "object_id": "5", "object_repr": "snakeplantmultiple", "action_flag": 1, "change_message": "[{\"added\": {}}]"}}, {"model": "admin.logentry", "pk": 22, "fields": {"action_time": "2021-09-18T12:17:05.528Z", "user": 1, "content_type": 15, "object_id": "6", "object_repr": "snakeplantdetailed", "action_flag": 1, "change_message": "[{\"added\": {}}]"}}, {"model": "admin.logentry", "pk": 23, "fields": {"action_time": "2021-09-18T12:35:36.307Z", "user": 1, "content_type": 14, "object_id": "5", "object_repr": "snakeplant", "action_flag": 2, "change_message": "[{\"changed\": {\"fields\": [\"Product image\"]}}]"}}, {"model": "admin.logentry", "pk": 24, "fields": {"action_time": "2021-09-18T12:35:49.252Z", "user": 1, "content_type": 14, "object_id": "2", "object_repr": "white_flowerpot", "action_flag": 2, "change_message": "[{\"changed\": {\"fields\": [\"Product image\"]}}]"}}, {"model": "admin.logentry", "pk": 25, "fields": {"action_time": "2021-09-18T12:36:09.296Z", "user": 1, "content_type": 14, "object_id": "2", "object_repr": "white_flowerpot", "action_flag": 2, "change_message": "[{\"changed\": {\"fields\": [\"Product image\"]}}]"}}, {"model": "admin.logentry", "pk": 26, "fields": {"action_time": "2021-09-18T12:36:35.736Z", "user": 1, "content_type": 14, "object_id": "3", "object_repr": "flower", "action_flag": 2, "change_message": "[{\"changed\": {\"fields\": [\"Product image\"]}}]"}}, {"model": "admin.logentry", "pk": 27, "fields": {"action_time": "2021-09-21T21:02:52.954Z", "user": 1, "content_type": 17, "object_id": "4", "object_repr": "A8852AAF725146BFA6DC03ADB04D6149", "action_flag": 2, "change_message": "[{\"added\": {\"name\": \"order line item\", \"object\": \"SKU 1 on order A8852AAF725146BFA6DC03ADB04D6149\"}}]"}}, {"model": "admin.logentry", "pk": 28, "fields": {"action_time": "2021-09-21T21:03:11.329Z", "user": 1, "content_type": 17, "object_id": "4", "object_repr": "A8852AAF725146BFA6DC03ADB04D6149", "action_flag": 3, "change_message": ""}}, {"model": "auth.user", "pk": 1, "fields": {"password": "pbkdf2_sha256$260000$eYbVkM7mpd4WQth6nzpqMz$YAWa3Tb9EaHcd1OijoEYbUm1VyBp8eF+HCBwkLUchwM=", "last_login": "2021-09-26T11:18:10.159Z", "is_superuser": true, "username": "hdda", "first_name": "", "last_name": "", "email": "nordsvenskar@live.se", "is_staff": true, "is_active": true, "date_joined": "2021-09-09T14:22:00.626Z", "groups": [], "user_permissions": []}}, {"model": "auth.user", "pk": 2, "fields": {"password": "pbkdf2_sha256$260000$lLNk1psOPrfQbYgPVZdaYx$t0acU1KwO7qprcpqj2CZFQYSUF4FJTBUJFx/5f3te/Q=", "last_login": null, "is_superuser": false, "username": "hedvig", "first_name": "", "last_name": "", "email": "test@hotmail.com", "is_staff": false, "is_active": true, "date_joined": "2021-09-23T12:25:24.865Z", "groups": [], "user_permissions": []}}, {"model": "auth.user", "pk": 3, "fields": {"password": "pbkdf2_sha256$260000$Bg2SkpdO1pXkCafraToh4i$HvujJSh0pqzk3LigJOGrvNcIx8Z2TCYOi3fyCKaoBgc=", "last_login": null, "is_superuser": false, "username": "testets", "first_name": "", "last_name": "", "email": "test@test.com", "is_staff": false, "is_active": true, "date_joined": "2021-09-23T12:35:57.217Z", "groups": [], "user_permissions": []}}, {"model": "auth.user", "pk": 4, "fields": {"password": "pbkdf2_sha256$260000$ttj5pqbBIOVg6FNALf4Dfx$6xz15dZlWXK9kdkOUQVaPM8qwZvVl9sheuKyy7SvQfo=", "last_login": "2021-09-24T12:22:52.628Z", "is_superuser": false, "username": "test", "first_name": "", "last_name": "", "email": "testi@test.com", "is_staff": false, "is_active": true, "date_joined": "2021-09-24T12:21:57.124Z", "groups": [], "user_permissions": []}}, {"model": "sessions.session", "pk": "0xhi52lz1cwoeoag0p53tv6589kuutb4", "fields": {"session_data": ".eJxVjjsOwyAQBe9CHSFDWDCU6XMGtPxiJxFIgNNYvntsyY3bN6PRW0nDX7RzToWYXpd4IxaXPtmlxWrnQAxh5LI59J-YDxDemF-F-pJ7nR09FHrSRp8lxO_jdC-BCdt0ZFUUSqchBcc1lwKlFF4nAA9JcoYI9wSjYjowcEom8PfRM80HESExzveox9qJWfeHRmzbH9wFQXY:1mT5bx:6R5XbQ8BgGzHsTQr8IV1h6sdRXZMG9WafGrOqoHxFf8", "expire_date": "2021-10-06T17:00:45.894Z"}}, {"model": "sessions.session", "pk": "1gkum6inrkj7p83n3e7kq8d85ti4dyc7", "fields": {"session_data": ".eJxVjMsOwiAQAP-FsyFdykLx6L3f0CyPlaqBpLQn478bkh70OjOZt1jo2PNytLQtaxRXAeLyyzyFZypdxAeVe5Whln1bveyJPG2Tc43pdTvbv0GmlvvWJm0dDxy9cspoMkYHx4gB2SggwpFxsuAioLeGMYxTAKcGnZBBKfH5AtIGNyM:1mP5Vf:GaLn6hhonqiVkSXExXMLq3TgsVWLKcLO3ciEjSi6kSQ", "expire_date": "2021-09-25T16:05:43.131Z"}}, {"model": "sessions.session", "pk": "20lr4u0yzwnn8njngkqbind3goxs2cqr", "fields": {"session_data": "eyJjYXJ0Ijp7IjUiOjN9fQ:1mT7bx:12KTHRAQQizBoCO9LlF2n7GUcK0fhDnyW2LDyithHZI", "expire_date": "2021-10-06T19:08:53.679Z"}}, {"model": "sessions.session", "pk": "3snjrgaot76pylel2ycaewzkgkbastsa", "fields": {"session_data": "eyJjYXJ0Ijp7IjEiOjN9fQ:1mTJCv:Hy7Gg54W6q4cwW1X8u-9_RCuY2t0ySvQYormuWrM7j0", "expire_date": "2021-10-07T07:31:49.494Z"}}, {"model": "sessions.session", "pk": "41v7lb125xmsrxrnjq626hpgcppyl4fo", "fields": {"session_data": "e30:1mTNmf:irZhmFRPFl3mJyMge5luje6QnbSuSvvsFexGbg46a2I", "expire_date": "2021-10-07T12:25:01.746Z"}}, {"model": "sessions.session", "pk": "4lzdf62378kejdgmnjkfdv0kznrj8rvl", "fields": {"session_data": "eyJjYXJ0Ijp7IjMiOjZ9fQ:1mSHmd:HFbZUTPGxh9O4nunupAAUk2IZCyQTAFRF0AdrJEsWOs", "expire_date": "2021-10-04T11:48:27.111Z"}}, {"model": "sessions.session", "pk": "6lrhm4oxplh3yv4ho4arypnjq8tzxdfr", "fields": {"session_data": "eyJjYXJ0Ijp7IjMiOjR9fQ:1mT87O:3p8Zf4vuJjLYQzZQZjGuF9t9mitCuzxkBVAQyplln8k", "expire_date": "2021-10-06T19:41:22.371Z"}}, {"model": "sessions.session", "pk": "ag59i048dzacv7bry5ij3hb5schru9bs", "fields": {"session_data": ".eJxVjksOgzAMRO_idRXhJE4Iy-57BuT8Cm0FEoEV4u5tKhbtyk8zoyfv0PO2Dv1W0tKPETpAuPxmnsMzTbWID57uswjztC6jF3UizraI2xzT63pu_wQDl6FqbdLW5SZHL500mo3RwWWiQNlIZCaVqbXoIpK3JlNQbUAnG50oo5QfaeBlhW4HeX6p6sVKVEl9EaFDfRxvWdJAcQ:1mRzJu:YYzctDcN_YlBFtVO-zt-_2-dBuEHL7PRN7L-D0QVFeo", "expire_date": "2021-10-03T16:05:34.886Z"}}, {"model": "sessions.session", "pk": "cqk6c24w5bs0txqn7jc6rpwl9tqtnzp8", "fields": {"session_data": ".eJxVjDEOgzAMAP_iuYpIiBPC2J03IMeJC20FEoEJ8fcWiYX17nQ7MC0rtDtoaP3xgJ62dei3kpd-TND-8Y1F4k-eTpHeNL1mxfO0LmNUZ6IuW1Q3p_x9Xu1tMFAZzq3P1gepJEUTjLPknOUgiIzijCbCWrDxOiSN0TtBrhvWwVQ2o2hj4PgBxfs7VQ:1mTJAY:mCKJHjjaEFksYhVgsqpyo8H06xAynV8CSQ59alNhjuw", "expire_date": "2021-10-07T07:29:22.360Z"}}, {"model": "sessions.session", "pk": "dfsw7opp3j4cdcroftw3dya3i6qtdueo", "fields": {"session_data": "eyJjYXJ0Ijp7IjUiOjN9fQ:1mT85L:IJmRSeaX9rAoZtqVXUh4MGXjTWGLzNi6grY2zhhFc8M", "expire_date": "2021-10-06T19:39:15.198Z"}}, {"model": "sessions.session", "pk": "f5carqlxeon2penmqsast735bfzeomtx", "fields": {"session_data": ".eJxVjDEOgzAMAP_iuYpIiBPC2J03IMeJC20FEoEJ8fcWiYX17nQ7MC0rtDtoaJvjAT1t69BvJS_9mKD94xuLxJ88nSK9aXrNiudpXcaozkRdtqhuTvn7vNrbYKAynFufrQ9SSYomGGfJOctBEBnFGU2EtWDjdUgao3eCXDesg6lsRtHGwPEDxqg7Vg:1mT7ab:1zrfXYaWUZQS_9a_ClwR-ViIbsRVzzEyC200znGWUi4", "expire_date": "2021-10-06T19:07:29.870Z"}}, {"model": "sessions.session", "pk": "htcnxswk74nt9v0vbvegph9oi0b58yg4", "fields": {"session_data": ".eJxVjLsOgzAMAP_FcxXhNE4IY_d-A3KcuNBWIPGYEP_eIrGw3p1uA-FpgWYDhAb3G7S8Ll27zmVq-wzNH19YYvmU4RD5zcNrNDIOy9QncyTmtLN5jrl8H2d7GXQ8d8c2FBeiVpqTjdY79t5JVCIh9RaZ6a5UB4wZKQWvJPdaMNrKFVK0FvYfwe07Tw:1mScVa:oZbLL3TE1Cz-LYwc3ohKibxOMVhqy7tdrmrzS7L0SEQ", "expire_date": "2021-10-05T09:56:14.848Z"}}, {"model": "sessions.session", "pk": "i9imouj975gdieh5313173uom85x0ycy", "fields": {"session_data": "eyJjYXJ0Ijp7IjEiOjR9fQ:1mT7fl:v6AnkzqMH-zwajcemeKFfxIfk4QwXDUiIhtvsRhRIzQ", "expire_date": "2021-10-06T19:12:49.019Z"}}, {"model": "sessions.session", "pk": "q378zl8zi9uz4v55to07hiybh2fldm0j", "fields": {"session_data": ".eJxVjEsOwiAUAO_C2pCCPChduvcMhM97FjVgSptojHc3JF3odmYyb-b8ts5ua7i4nNjEBDv8suDjDUsX6erLpfJYy7rkwHvCd9v4uSa8n_b2bzD7NvetQWUsDZSCtFIrr7WKlgAikJbCezgSjEbYJCAYTRCPYxRWDgqBhJR92rC1XIvD5yMvLzYNny9rGD5g:1mOcKR:x5HbGctlKladLBNnuuahDe5ukhIVvzKYaqc-VZCOEFk", "expire_date": "2021-09-24T08:56:11.028Z"}}, {"model": "sessions.session", "pk": "rfi9rq4dncb65j348ngt7v38jzk0td9g", "fields": {"session_data": "eyJjYXJ0Ijp7IjUiOjR9fQ:1mTJQc:A1lo7B9HXKpj9zgtFoJXpIrQdR-3aAQhSkBIRAIwjB8", "expire_date": "2021-10-07T07:45:58.912Z"}}, {"model": "sessions.session", "pk": "rzivtp8fdmmctmeg64rduztiu9g34yj4", "fields": {"session_data": ".eJxVjMEOwiAQRP-FsyG0IDQ9evcbyO6yWNSAgTbRGP_dNulBM7eZN-8tPCzz5JfG1acgRtGJw2-HQDfO2xCukC9FUslzTSg3RO5rk-cS-H7a2T_BBG1a39izQtI49JYMk7VgrT2u6cygI2GvnHOEYdCaFQBHNLEjQ4qjBWPcJm3cWirZ8_OR6kuM6vMFnRc_lA:1mUSAc:Ef6PhJjvlOYXxULX5SSMMWL_CFQYLghv0U3Ueo9W2MU", "expire_date": "2021-10-10T11:18:10.196Z"}}, {"model": "sessions.session", "pk": "s3f3c5rwuh09ynnvaznnh17ot71jw4gu", "fields": {"session_data": ".eJxVjNEOgiAUQP-FZ-cEAcXH3vsGdoFLUgZNtNVa_1401-brOWfnRcDatMZF33EOPqDTeIUwkSGu01T97ZpxJgNpSUU0rMv4Azq4L6N7ZsBeMBbhzhBPqbYpLnMwdUnqzeb6mBxOh63dDUbIY9l2yDvlG-8MU0xykJJb5YWwwktGAUTrRd9R5agwnfTCtr2lijUchaeMlWnGnEOKGh-3MD_J0Lw_XsFP8g:1mTOBt:Z8erq8jOpXUfGFlmat1S1PRrUWkZLs-KwreJeqJErvs", "expire_date": "2021-10-07T12:51:05.719Z"}}, {"model": "sessions.session", "pk": "sa2or8r56v4gqn1jdcfpat6qqvllk39v", "fields": {"session_data": "eyJjYXJ0Ijp7IjEiOjN9fQ:1mTK4L:7I2GUDfU7G47dB5JY1zlS4VLJlVSU8mikwMqHDA0TA0", "expire_date": "2021-10-07T08:27:01.217Z"}}, {"model": "sessions.session", "pk": "v21i0ss0ccoqwyqbwlouymjptlzejli5", "fields": {"session_data": "eyJjYXJ0Ijp7IjEiOjYsIjMiOjZ9fQ:1mSGEp:Y7mcBEGxHBQ2owYac_uO1W_mKUVLDKuzjKoXgmq0S90", "expire_date": "2021-10-04T10:09:27.078Z"}}, {"model": "sessions.session", "pk": "vsx6pysxfh0yyh4kdxpt8v02bisg2wd6", "fields": {"session_data": "eyJjYXJ0Ijp7IjUiOjEsIjEiOjE2fX0:1mS4g8:ipEPAmtiArI8E9jZDUEUjQyIDHohO5FnEycdP8CptX8", "expire_date": "2021-10-03T21:48:52.751Z"}}, {"model": "sessions.session", "pk": "xiqnp2accshv3aab0g6uhy3mfx6as4p9", "fields": {"session_data": "eyJjYXJ0Ijp7IjMiOjF9fQ:1mS0nx:L9XIz3fTRoSoO80MI4QW9bRAJJKgIS37eNilHtOWgyE", "expire_date": "2021-10-03T17:40:41.412Z"}}, {"model": "sessions.session", "pk": "y362izabf39y9qonpk469xmpl7xgg8mb", "fields": {"session_data": "eyJzYXZlX2luZm8iOmZhbHNlLCJjYXJ0Ijp7IjEiOjN9fQ:1mTNfw:lFg3KZibqV01bqXYU0Js3O1HxKA3un11oNSL5UJL_yk", "expire_date": "2021-10-07T12:18:04.706Z"}}, {"model": "sessions.session", "pk": "zu3d726v9fcesl94r5fg47gohu69s3qf", "fields": {"session_data": "eyJjYXJ0Ijp7IjEiOjIsIjMiOjJ9fQ:1mRzP3:7nnqnmk3E-gKU_yBxN4KHH0VSnioEfeUsTjhx7d6_PA", "expire_date": "2021-10-03T16:10:53.598Z"}}, {"model": "sites.site", "pk": 1, "fields": {"domain": "plantiq.example.com", "name": "Plantiq"}}, {"model": "account.emailaddress", "pk": 1, "fields": {"user": 1, "email": "nordsvenskar@live.se", "verified": true, "primary": true}}, {"model": "account.emailaddress", "pk": 2, "fields": {"user": 2, "email": "test@hotmail.com", "verified": false, "primary": true}}, {"model": "account.emailaddress", "pk": 3, "fields": {"user": 3, "email": "test@test.com", "verified": true, "primary": true}}, {"model": "account.emailaddress", "pk": 4, "fields": {"user": 4, "email": "testi@test.com", "verified": true, "primary": true}}, {"model": "products.category", "pk": 1, "fields": {"name": "houseplant", "friendly_name": "Houseplant"}}, {"model": "products.category", "pk": 2, "fields": {"name": "pottery", "friendly_name": "Pottery"}}, {"model": "products.category", "pk": 3, "fields": {"name": "outdoor_plants", "friendly_name": "Outdoor plants"}}, {"model": "products.product", "pk": 1, "fields": {"category": 1, "name": "calathea", "friendly_name": "Calathea", "sku": "1", "price": "15.00", "description": "Calathea is a genus of flowering plant belonging to the family Marantaceae. They are commonly called calatheas or (like their relatives) prayer plants. About 200 species formerly assigned to Calathea are now in the genus Goeppertia.[1] There are several dozen species in this genus. Native to the tropical Americas, many of the species are popular as pot plants due to their decorative leaves and, in some species, colorful inflorescences. The young leaves and bracts can retain pools of water, called phytotelmata, that provide habitat for many invertebrates.[2]\r\n\r\nText from Wikipedia", "product_image": "calathea1_61sMEZX.jpeg"}}, {"model": "products.product", "pk": 2, "fields": {"category": 2, "name": "white_flowerpot", "friendly_name": "White Flowerpot", "sku": "2", "price": "17.00", "description": "A white medium-sized flowerpot.", "product_image": "whitewase_LOG7mDM.jpeg"}}, {"model": "products.product", "pk": 3, "fields": {"category": 1, "name": "flower", "friendly_name": "Flower", "sku": "3", "price": "135.00", "description": "A flower", "product_image": "heather_LWdgQ6s.jpeg"}}, {"model": "products.product", "pk": 5, "fields": {"category": 1, "name": "snakeplant", "friendly_name": "Snakeplant", "sku": "4", "price": "17.00", "description": "Dracaena trifasciata is a species of flowering plant in the family Asparagaceae, native to tropical West Africa from Nigeria east to the Congo. It is most commonly known as the snake plant, Saint George's sword, mother-in-law's tongue, and viper's bowstring hemp, among other names.[2] Until 2017, it was known under the synonym Sansevieria trifasciata.[1] Text from Wikipeadia", "product_image": "snakeplant.jpeg"}}, {"model": "products.product", "pk": 6, "fields": {"category": 1, "name": "hhhh", "friendly_name": "hiii", "sku": "9", "price": "13.00", "description": "ooo", "product_image": "blommor.jpeg"}}, {"model": "products.product", "pk": 7, "fields": {"category": 1, "name": "hello", "friendly_name": "hellloo", "sku": "19", "price": "177.00", "description": "Hello girl", "product_image": "plantis_Mn114RT.jpeg"}}, {"model": "products.product", "pk": 8, "fields": {"category": 1, "name": "hello", "friendly_name": "hellloo", "sku": "19", "price": "177.00", "description": "Hello girl", "product_image": "plantis_NrKNhB5.jpeg"}}, {"model": "products.product", "pk": 11, "fields": {"category": 1, "name": "99", "friendly_name": "99", "sku": "99", "price": "99.00", "description": "99", "product_image": "snakeplantmultiple.jpeg"}}, {"model": "products.image", "pk": 1, "fields": {"name": "detailed_image", "product": 1, "image": "images/calathea.jpeg"}}, {"model": "products.image", "pk": 2, "fields": {"name": "flowerimage", "product": 3, "image": "images/heather.jpeg"}}, {"model": "products.image", "pk": 3, "fields": {"name": "test", "product": 1, "image": "images/calathea1.jpeg"}}, {"model": "products.image", "pk": 4, "fields": {"name": "cool", "product": 1, "image": "images/potteryplants.jpeg"}}, {"model": "products.image", "pk": 5, "fields": {"name": "snakeplantmultiple", "product": 5, "image": "images/snakeplantmultiple.jpeg"}}, {"model": "products.image", "pk": 6, "fields": {"name": "snakeplantdetailed", "product": 5, "image": "images/snakeplant.jpeg"}}, {"model": "checkout.order", "pk": 1, "fields": {"order_number": "A59D05287BBA4B0892F0EFD1899051E4", "user_profile": null, "full_name": "Hedda Hammarberg", "email": "hedda9@hotmail.com", "phone_number": "0760179474", "country": "Sverige", "postcode": "126 32", "town_or_city": "Hägersten", "street_address": "Tellusborgsvägen 15", "date": "2021-09-21T20:46:11.813Z", "delivery_cost": "0.00", "order_total": "0.00", "grand_total": "0.00", "original_cart": "", "stripe_pid": ""}}, {"model": "checkout.order", "pk": 2, "fields": {"order_number": "C765F5D7221644C4A6BE2E8AE8340C40", "user_profile": null, "full_name": "Hedda Hammarberg", "email": "hedda9@hotmail.com", "phone_number": "0760179474", "country": "Sverige", "postcode": "126 32", "town_or_city": "Hägersten", "street_address": "Tellusborgsvägen 15", "date": "2021-09-21T20:48:39.359Z", "delivery_cost": "0.00", "order_total": "0.00", "grand_total": "0.00", "original_cart": "", "stripe_pid": ""}}, {"model": "checkout.order", "pk": 3, "fields": {"order_number": "705028C2C2E34EF69FD2CD09C3380960", "user_profile": null, "full_name": "Hedda Hammarberg", "email": "hedda9@hotmail.com", "phone_number": "0760179474", "country": "Sverige", "postcode": "126 32", "town_or_city": "Hägersten", "street_address": "Tellusborgsvägen 15", "date": "2021-09-21T20:53:53.508Z", "delivery_cost": "0.00", "order_total": "0.00", "grand_total": "0.00", "original_cart": "", "stripe_pid": ""}}, {"model": "checkout.order", "pk": 5, "fields": {"order_number": "D137AB6E190946969E1D26D3FB98083E", "user_profile": null, "full_name": "Hedda Hammarberg", "email": "hedda9@hotmail.com", "phone_number": "0760179474", "country": "Sverige", "postcode": "126 32", "town_or_city": "Hägersten", "street_address": "Tellusborgsvägen 15", "date": "2021-09-21T21:05:10.685Z", "delivery_cost": "0.00", "order_total": "0.00", "grand_total": "0.00", "original_cart": "", "stripe_pid": ""}}, {"model": "checkout.order", "pk": 6, "fields": {"order_number": "974EF35FEC9E4478BBF33013BAABC136", "user_profile": null, "full_name": "Hedda Hammarberg", "email": "hedda9@hotmail.com", "phone_number": "0760179474", "country": "Sverige", "postcode": "126 32", "town_or_city": "Hägersten", "street_address": "Tellusborgsvägen 15", "date": "2021-09-21T21:09:37.606Z", "delivery_cost": "0.00", "order_total": "0.00", "grand_total": "0.00", "original_cart": "", "stripe_pid": ""}}, {"model": "checkout.order", "pk": 7, "fields": {"order_number": "65421215388946EEA20B4ED6C1F4E948", "user_profile": null, "full_name": "Hedda Hammarberg", "email": "hedda9@hotmail.com", "phone_number": "0760179474", "country": "Sverige", "postcode": "126 32", "town_or_city": "Hägersten", "street_address": "Tellusborgsvägen 15", "date": "2021-09-22T07:42:56.462Z", "delivery_cost": "0.00", "order_total": "0.00", "grand_total": "0.00", "original_cart": "", "stripe_pid": ""}}, {"model": "checkout.order", "pk": 8, "fields": {"order_number": "1C6F05E24B354A2495D4221A285E9FAB", "user_profile": null, "full_name": "Hedda Hammarberg", "email": "hedda9@hotmail.com", "phone_number": "0760179474", "country": "SE", "postcode": "126 32", "town_or_city": "Hägersten", "street_address": "Tellusborgsvägen 15", "date": "2021-09-23T08:30:57.971Z", "delivery_cost": "0.00", "order_total": "0.00", "grand_total": "0.00", "original_cart": "", "stripe_pid": ""}}, {"model": "checkout.order", "pk": 9, "fields": {"order_number": "4F2424E380234C70A822FF3A48970C19", "user_profile": null, "full_name": "Hedda Hammarberg", "email": "hedda9@hotmail.com", "phone_number": "0760179474", "country": "SE", "postcode": "126 32", "town_or_city": "Hägersten", "street_address": "Tellusborgsvägen 15", "date": "2021-09-24T12:07:09.912Z", "delivery_cost": "0.00", "order_total": "0.00", "grand_total": "0.00", "original_cart": "", "stripe_pid": ""}}, {"model": "checkout.order", "pk": 10, "fields": {"order_number": "2A932B3C669343A6B3903A2477C8A43A", "user_profile": 4, "full_name": "Hedda Hammarberg", "email": "hedda9@hotmail.com", "phone_number": "0760179474", "country": "SE", "postcode": "126 32", "town_or_city": "Hägersten", "street_address": "Tellusborgsvägen 15", "date": "2021-09-24T12:27:02.156Z", "delivery_cost": "0.00", "order_total": "0.00", "grand_total": "0.00", "original_cart": "", "stripe_pid": ""}}, {"model": "checkout.order", "pk": 11, "fields": {"order_number": "A4B12E85F4EC47DE84587A4B34F65CB8", "user_profile": 4, "full_name": "Hedda Hammarberg", "email": "testi@test.com", "phone_number": "0760179474", "country": "SE", "postcode": "126 32", "town_or_city": "Hägersten", "street_address": "Tellusborgsvägen 15", "date": "2021-09-24T14:14:13.299Z", "delivery_cost": "0.00", "order_total": "0.00", "grand_total": "0.00", "original_cart": "", "stripe_pid": ""}}, {"model": "profiles.userprofile", "pk": 1, "fields": {"user": 2, "default_full_name": null, "default_phone_number": null, "default_county": null, "default_postcode": null, "default_town_or_city": null, "default_street_address": null}}, {"model": "profiles.userprofile", "pk": 2, "fields": {"user": 1, "default_full_name": "Hedvig Andersson", "default_phone_number": "0760179474", "default_county": "SE", "default_postcode": "126 32", "default_town_or_city": "Hägersten", "default_street_address": "Tellusborgsvägen 15"}}, {"model": "profiles.userprofile", "pk": 3, "fields": {"user": 3, "default_full_name": null, "default_phone_number": null, "default_county": null, "default_postcode": null, "default_town_or_city": null, "default_street_address": null}}, {"model": "profiles.userprofile", "pk": 4, "fields": {"user": 4, "default_full_name": "Hedda Hammarberg", "default_phone_number": "0760179474", "default_county": null, "default_postcode": "126 32", "default_town_or_city": "Hägersten", "default_street_address": "Tellusborgsvägen 15"}}]